<?xml version="1.0" encoding="utf-8" ?>
<dwsync>
<file name="bg.jpg" server="mission1.synology.me//homes/방지희/www/template/" local="132060058081881870" remote="132064221610000000" Dst="0" />
<file name="pic01.jpg" server="mission1.synology.me//homes/방지희/www/template/" local="132060058080932539" remote="132064221610000000" Dst="0" />
<file name="pic02.jpg" server="mission1.synology.me//homes/방지희/www/template/" local="132060058077863570" remote="132064221610000000" Dst="0" />
<file name="pic03.jpg" server="mission1.synology.me//homes/방지희/www/template/" local="132060058077203367" remote="132064221620000000" Dst="0" />
<file name="pic04.jpg" server="mission1.synology.me//homes/방지희/www/template/" local="132060058078547536" remote="132064221620000000" Dst="0" />
<file name="slide01.jpg" server="mission1.synology.me//homes/방지희/www/template/" local="132060058082682463" remote="132064221620000000" Dst="0" />
<file name="slide02.jpg" server="mission1.synology.me//homes/방지희/www/template/" local="132060058079328609" remote="132064221620000000" Dst="0" />
<file name="slide03.jpg" server="mission1.synology.me//homes/방지희/www/template/" local="132060058076549221" remote="132064221620000000" Dst="0" />
<file name="slide04.jpg" server="mission1.synology.me//homes/방지희/www/template/" local="132060058080170017" remote="132064221620000000" Dst="0" />
<file name="slide05.jpg" server="mission1.synology.me//homes/방지희/www/template/" local="132060058075826743" remote="132064221620000000" Dst="0" />
</dwsync>